epoch,time,train/box_loss,train/cls_loss,train/dfl_loss,metrics/precision(B),metrics/recall(B),metrics/mAP50(B),metrics/mAP50-95(B),val/box_loss,val/cls_loss,val/dfl_loss,lr/pg0,lr/pg1,lr/pg2
1,5.48017,4.1909,6.3071,4.17663,0,0,0,0,4.51951,6.05939,4.17493,0.00065,0.00065,0.00065
2,10.2246,3.27205,5.07026,3.49071,0.00013,0.04027,7e-05,2e-05,4.46562,5.74434,4.06853,0.00131536,0.00131536,0.00131536
3,14.9728,2.66427,3.49592,2.87359,0.31182,0.18121,0.20392,0.07392,2.6955,3.96871,3.01968,0.00197941,0.00197941,0.00197941
4,19.6258,2.36245,2.74303,2.52765,0.53445,0.51007,0.4329,0.16347,2.26864,2.61354,2.69346,0.00199406,0.00199406,0.00199406
5,24.3109,2.12196,2.08534,2.31629,0.62523,0.72483,0.64946,0.31788,1.91574,1.90653,2.38718,0.00199208,0.00199208,0.00199208
6,29.0778,1.89335,1.73725,2.12999,0.71518,0.78523,0.7793,0.41045,1.72992,1.46152,2.17983,0.0019901,0.0019901,0.0019901
7,33.7376,1.75585,1.4816,2.0022,0.67883,0.55324,0.72387,0.39431,1.57639,1.7617,2.08047,0.00198812,0.00198812,0.00198812
8,38.3868,1.56458,1.27009,1.83098,0.9419,0.88591,0.96904,0.61361,1.31679,0.93973,1.82966,0.00198614,0.00198614,0.00198614
9,43.037,1.51897,1.21916,1.76901,0.95119,0.91561,0.9728,0.62289,1.31757,0.99015,1.78756,0.00198416,0.00198416,0.00198416
10,47.6934,1.45965,1.14915,1.72487,0.94501,0.92273,0.98423,0.62379,1.30163,0.9929,1.73771,0.00198218,0.00198218,0.00198218
11,52.3549,1.46262,1.12764,1.68325,0.9143,0.93085,0.97925,0.65906,1.17307,0.93406,1.66834,0.0019802,0.0019802,0.0019802
12,57.1453,1.41962,1.05092,1.65602,0.9929,0.93795,0.98725,0.63559,1.27579,1.10531,1.80977,0.00197822,0.00197822,0.00197822
13,61.8177,1.36212,0.97727,1.65503,0.99291,0.93961,0.99182,0.64988,1.2267,0.75086,1.7125,0.00197624,0.00197624,0.00197624
14,66.5446,1.29924,0.92643,1.57685,0.97314,0.97276,0.99223,0.69344,1.05128,0.73691,1.57239,0.00197426,0.00197426,0.00197426
15,71.2813,1.25936,0.88629,1.55111,0.97338,0.9815,0.99395,0.70626,1.05577,0.71299,1.55445,0.00197228,0.00197228,0.00197228
16,76.0702,1.18505,0.84848,1.50687,0.96593,0.95142,0.9903,0.69587,1.09355,0.72067,1.54744,0.0019703,0.0019703,0.0019703
17,80.8035,1.24132,0.85419,1.49849,0.98431,0.98658,0.99369,0.70477,1.03046,0.65093,1.53889,0.00196832,0.00196832,0.00196832
18,85.44,1.17641,0.80536,1.45945,0.99148,0.97315,0.9944,0.70098,1.05804,0.64671,1.54343,0.00196634,0.00196634,0.00196634
19,90.198,1.18607,0.79773,1.44916,0.99588,0.98658,0.99455,0.69713,1.0582,0.6439,1.52403,0.00196436,0.00196436,0.00196436
20,94.9288,1.1337,0.77062,1.41404,0.99319,0.97815,0.99249,0.69485,1.096,0.64944,1.56306,0.00196238,0.00196238,0.00196238
21,99.5884,1.18327,0.76656,1.42631,0.94187,0.98658,0.98492,0.69698,0.99185,0.67574,1.43137,0.0019604,0.0019604,0.0019604
22,104.24,1.10975,0.72962,1.37678,0.99714,0.98658,0.99487,0.72974,0.95172,0.59118,1.41728,0.00195842,0.00195842,0.00195842
23,108.903,1.09937,0.72187,1.36227,0.99297,0.97315,0.99321,0.67844,1.08419,0.62611,1.50234,0.00195644,0.00195644,0.00195644
24,113.548,1.0936,0.70048,1.36804,0.98652,0.98658,0.99441,0.72068,1.00528,0.62756,1.43393,0.00195446,0.00195446,0.00195446
25,118.216,1.10079,0.6977,1.36594,0.97982,0.98658,0.99392,0.7289,0.98251,0.60011,1.45209,0.00195248,0.00195248,0.00195248
26,122.857,1.10924,0.70586,1.3826,0.94859,0.99067,0.99214,0.71181,0.98364,0.59615,1.45098,0.0019505,0.0019505,0.0019505
27,127.518,1.06866,0.67504,1.3376,0.97215,0.99329,0.99379,0.69406,1.02782,0.65173,1.46973,0.00194852,0.00194852,0.00194852
28,132.262,1.06693,0.67952,1.3451,0.98906,0.99329,0.99493,0.7223,1.02208,0.62498,1.4491,0.00194654,0.00194654,0.00194654
29,136.92,1.08654,0.69361,1.35664,0.9788,1,0.9946,0.72375,0.96182,0.58313,1.40296,0.00194456,0.00194456,0.00194456
30,141.671,1.09629,0.66697,1.35383,0.98,0.98675,0.99377,0.73177,0.94823,0.55631,1.41711,0.00194258,0.00194258,0.00194258
31,146.326,1.08907,0.65574,1.35089,0.97996,1,0.9934,0.74699,0.91657,0.5716,1.3457,0.0019406,0.0019406,0.0019406
32,151.004,1.05764,0.64379,1.33104,1,0.99299,0.995,0.76267,0.8827,0.52919,1.32284,0.00193862,0.00193862,0.00193862
33,155.687,1.02371,0.62149,1.30429,0.98675,0.99934,0.99487,0.74216,0.91395,0.54705,1.32341,0.00193664,0.00193664,0.00193664
34,160.351,1.03334,0.64019,1.31788,0.98789,1,0.995,0.74569,0.92043,0.53655,1.36249,0.00193466,0.00193466,0.00193466
35,165.003,0.99825,0.62065,1.29166,0.99597,0.97315,0.99373,0.73894,0.89828,0.55713,1.36055,0.00193268,0.00193268,0.00193268
36,169.658,0.98883,0.61348,1.28351,0.98912,0.99329,0.99487,0.75321,0.8859,0.54721,1.31309,0.0019307,0.0019307,0.0019307
37,174.309,0.99874,0.60822,1.28902,0.95839,0.99329,0.99374,0.75009,0.88644,0.54296,1.32772,0.00192872,0.00192872,0.00192872
38,179.065,0.96521,0.59042,1.27674,0.99788,1,0.995,0.76583,0.85935,0.50493,1.3107,0.00192674,0.00192674,0.00192674
39,183.746,0.96209,0.56713,1.25333,0.99742,1,0.995,0.75195,0.86731,0.49368,1.29634,0.00192476,0.00192476,0.00192476
40,188.498,0.96637,0.58035,1.25286,0.97219,1,0.9946,0.74966,0.89572,0.53044,1.3283,0.00192278,0.00192278,0.00192278
41,193.236,1.00062,0.60196,1.26685,0.99907,1,0.995,0.77968,0.84803,0.48515,1.30001,0.0019208,0.0019208,0.0019208
42,198.006,0.99927,0.60555,1.28767,0.98685,0.97987,0.9946,0.75818,0.86358,0.57892,1.3235,0.00191882,0.00191882,0.00191882
43,202.778,0.98734,0.59564,1.27205,1,0.99315,0.995,0.74286,0.88605,0.53927,1.3289,0.00191684,0.00191684,0.00191684
44,207.519,0.95397,0.58702,1.263,0.99333,0.99983,0.99487,0.77158,0.84199,0.48651,1.30602,0.00191486,0.00191486,0.00191486
45,212.183,0.96196,0.57566,1.269,0.99926,0.99329,0.995,0.75806,0.88375,0.49281,1.30692,0.00191288,0.00191288,0.00191288
46,216.856,0.95509,0.57439,1.23768,0.98537,1,0.995,0.75957,0.87793,0.49558,1.31112,0.0019109,0.0019109,0.0019109
47,221.513,0.97359,0.57258,1.24364,0.98668,0.99425,0.99406,0.74636,0.89861,0.52514,1.33877,0.00190892,0.00190892,0.00190892
48,226.182,0.91422,0.55161,1.21454,0.99278,1,0.995,0.75769,0.83915,0.50624,1.29098,0.00190694,0.00190694,0.00190694
49,230.919,0.9178,0.56472,1.23377,0.98688,1,0.99467,0.76617,0.83096,0.49097,1.2937,0.00190496,0.00190496,0.00190496
50,235.7,0.94677,0.55293,1.22337,1,0.99195,0.995,0.75408,0.91796,0.4825,1.36797,0.00190298,0.00190298,0.00190298
51,240.365,0.92287,0.55574,1.23362,0.99784,1,0.995,0.79514,0.82406,0.45858,1.28427,0.001901,0.001901,0.001901
52,245.067,0.90744,0.55881,1.21799,0.98558,1,0.99453,0.73675,0.92079,0.4934,1.35612,0.00189902,0.00189902,0.00189902
53,249.73,0.93837,0.54134,1.2684,0.99751,0.97315,0.99447,0.77075,0.87557,0.47382,1.29349,0.00189704,0.00189704,0.00189704
54,254.379,0.96177,0.55397,1.22958,0.99763,1,0.995,0.75359,0.91266,0.47356,1.32222,0.00189506,0.00189506,0.00189506
55,259.139,0.90387,0.52279,1.17964,0.99758,0.99329,0.995,0.75736,0.87968,0.54326,1.29922,0.00189308,0.00189308,0.00189308
56,263.883,0.91628,0.53988,1.20031,0.99851,1,0.995,0.78127,0.81551,0.45497,1.26146,0.0018911,0.0018911,0.0018911
57,268.637,0.92309,0.53636,1.22737,0.999,1,0.995,0.75743,0.86403,0.46116,1.30486,0.00188912,0.00188912,0.00188912
58,273.303,0.92602,0.53512,1.22646,1,0.99979,0.995,0.78279,0.7991,0.43579,1.23652,0.00188714,0.00188714,0.00188714
59,277.952,0.89961,0.51923,1.19806,0.99861,1,0.995,0.78188,0.82368,0.43842,1.25378,0.00188516,0.00188516,0.00188516
60,282.619,0.92302,0.52875,1.19887,1,0.99964,0.995,0.75073,0.9337,0.48074,1.39402,0.00188318,0.00188318,0.00188318
61,287.281,0.95221,0.54324,1.23175,0.99332,0.99746,0.99493,0.79032,0.80655,0.45631,1.2517,0.0018812,0.0018812,0.0018812
62,291.939,0.93782,0.52646,1.23289,1,0.9932,0.995,0.7627,0.877,0.45472,1.2825,0.00187922,0.00187922,0.00187922
63,296.598,0.87487,0.50626,1.18365,0.99903,1,0.995,0.7913,0.79801,0.42728,1.23363,0.00187724,0.00187724,0.00187724
64,301.348,0.89515,0.51716,1.18703,0.99162,1,0.995,0.78346,0.86367,0.46066,1.2834,0.00187526,0.00187526,0.00187526
65,306.013,0.88985,0.51468,1.21088,0.99383,1,0.995,0.78706,0.79246,0.45125,1.24728,0.00187328,0.00187328,0.00187328
66,310.691,0.884,0.52341,1.21471,0.97912,0.98658,0.99454,0.77366,0.83494,0.45496,1.274,0.0018713,0.0018713,0.0018713
67,315.363,0.8983,0.54139,1.19232,0.99898,1,0.995,0.78348,0.82338,0.45052,1.24905,0.00186932,0.00186932,0.00186932
68,320.03,0.87655,0.51327,1.19602,0.99885,1,0.995,0.80366,0.77753,0.43535,1.21448,0.00186734,0.00186734,0.00186734
69,324.798,0.85932,0.51917,1.17218,0.99892,1,0.995,0.7604,0.85171,0.46655,1.30235,0.00186536,0.00186536,0.00186536
70,329.453,0.87439,0.50063,1.18572,0.99851,1,0.995,0.76975,0.82307,0.43627,1.3026,0.00186338,0.00186338,0.00186338
71,334.199,0.86912,0.49908,1.17112,0.99889,1,0.995,0.79556,0.76723,0.43067,1.20825,0.0018614,0.0018614,0.0018614
72,338.849,0.8646,0.49232,1.18315,0.9792,1,0.99241,0.7719,0.84062,0.42542,1.24337,0.00185942,0.00185942,0.00185942
73,343.592,0.89327,0.51057,1.2046,0.99856,1,0.995,0.78435,0.80761,0.41672,1.20543,0.00185744,0.00185744,0.00185744
74,348.248,0.86259,0.51176,1.175,0.99633,1,0.995,0.78133,0.82051,0.47102,1.25759,0.00185546,0.00185546,0.00185546
75,352.907,0.87457,0.51752,1.17126,0.9994,1,0.995,0.78323,0.80641,0.43824,1.27977,0.00185348,0.00185348,0.00185348
76,357.577,0.86415,0.50519,1.17614,0.99743,1,0.995,0.78889,0.7807,0.42816,1.21955,0.0018515,0.0018515,0.0018515
77,362.245,0.83734,0.48811,1.15664,0.97833,1,0.99474,0.7942,0.77747,0.43942,1.22465,0.00184952,0.00184952,0.00184952
78,366.895,0.87352,0.4923,1.16542,0.99947,1,0.995,0.7992,0.796,0.43531,1.23403,0.00184754,0.00184754,0.00184754
79,371.554,0.85964,0.49837,1.18965,0.99716,1,0.995,0.79025,0.80357,0.47141,1.23008,0.00184556,0.00184556,0.00184556
80,376.31,0.84576,0.49211,1.1483,1,0.99998,0.995,0.79804,0.79167,0.4159,1.20217,0.00184358,0.00184358,0.00184358
81,381.058,0.84112,0.47954,1.1499,0.99996,1,0.995,0.80055,0.76211,0.40142,1.20937,0.0018416,0.0018416,0.0018416
82,385.725,0.85001,0.48391,1.15497,0.99333,0.99921,0.99493,0.7577,0.83617,0.45224,1.2665,0.00183962,0.00183962,0.00183962
83,390.393,0.86652,0.50956,1.15075,0.98633,1,0.99367,0.79657,0.75667,0.43473,1.19134,0.00183764,0.00183764,0.00183764
84,395.063,0.84092,0.47682,1.16347,0.99844,1,0.995,0.79741,0.75526,0.41369,1.20185,0.00183566,0.00183566,0.00183566
85,399.708,0.83453,0.47406,1.14841,0.99616,1,0.995,0.80246,0.78726,0.42457,1.20805,0.00183368,0.00183368,0.00183368
86,404.459,0.8186,0.46846,1.14544,0.99937,1,0.995,0.81856,0.7452,0.38765,1.20001,0.0018317,0.0018317,0.0018317
87,409.234,0.83661,0.47248,1.14485,0.99869,1,0.995,0.80766,0.76,0.40126,1.21017,0.00182972,0.00182972,0.00182972
88,413.975,0.86643,0.49205,1.17985,0.99705,1,0.995,0.80798,0.79594,0.41664,1.24249,0.00182774,0.00182774,0.00182774
89,418.647,0.83791,0.47193,1.14485,0.99141,1,0.995,0.80388,0.75202,0.38938,1.20747,0.00182576,0.00182576,0.00182576
90,423.312,0.8422,0.46758,1.16844,0.99203,1,0.99093,0.78248,0.81772,0.43893,1.26722,0.00182378,0.00182378,0.00182378
91,427.967,0.84499,0.48092,1.1802,0.99415,1,0.995,0.78481,0.80589,0.44403,1.28454,0.0018218,0.0018218,0.0018218
92,432.632,0.85972,0.47606,1.15112,0.99893,1,0.995,0.80009,0.77973,0.41375,1.20724,0.00181982,0.00181982,0.00181982
93,437.291,0.88723,0.49452,1.18204,0.98835,1,0.99473,0.80749,0.7559,0.41525,1.2145,0.00181784,0.00181784,0.00181784
94,442.043,0.84746,0.47355,1.15847,0.99875,1,0.995,0.80086,0.78331,0.41278,1.2311,0.00181586,0.00181586,0.00181586
95,446.706,0.82482,0.4762,1.15186,0.99928,1,0.995,0.82051,0.74326,0.41662,1.20359,0.00181388,0.00181388,0.00181388
96,451.386,0.80717,0.46266,1.14196,0.99216,1,0.995,0.79813,0.76798,0.40764,1.2188,0.0018119,0.0018119,0.0018119
97,456.061,0.81631,0.47343,1.14174,1,0.99748,0.995,0.80954,0.7394,0.40613,1.18891,0.00180992,0.00180992,0.00180992
98,460.827,0.80346,0.4634,1.12464,1,0.99731,0.995,0.81751,0.74878,0.40439,1.19939,0.00180794,0.00180794,0.00180794
99,465.498,0.85407,0.49106,1.15851,0.99599,1,0.995,0.80406,0.79064,0.40834,1.21747,0.00180596,0.00180596,0.00180596
100,470.165,0.836,0.4712,1.13022,0.98974,0.99329,0.99493,0.79541,0.77739,0.41626,1.22478,0.00180398,0.00180398,0.00180398
101,474.832,0.81127,0.4605,1.14905,0.99546,1,0.995,0.81067,0.75637,0.41989,1.23195,0.001802,0.001802,0.001802
102,479.583,0.79724,0.45111,1.13674,0.99938,1,0.995,0.80717,0.77498,0.40325,1.24763,0.00180002,0.00180002,0.00180002
103,484.253,0.83321,0.45229,1.16266,0.99912,1,0.995,0.80676,0.74971,0.38611,1.19018,0.00179804,0.00179804,0.00179804
104,489.022,0.80944,0.46143,1.15046,0.99889,1,0.995,0.82021,0.72085,0.36992,1.17228,0.00179606,0.00179606,0.00179606
105,493.691,0.81544,0.46052,1.14633,0.99927,1,0.995,0.81549,0.72577,0.38774,1.2194,0.00179408,0.00179408,0.00179408
106,498.347,0.81612,0.46743,1.14185,0.99847,1,0.995,0.79738,0.77105,0.38331,1.22642,0.0017921,0.0017921,0.0017921
107,503.035,0.85244,0.47729,1.1508,0.99354,1,0.995,0.81275,0.73157,0.39225,1.191,0.00179012,0.00179012,0.00179012
108,507.793,0.8276,0.46368,1.14447,0.99908,1,0.995,0.80731,0.77738,0.40519,1.21596,0.00178814,0.00178814,0.00178814
109,512.468,0.85486,0.46904,1.1641,0.99934,1,0.995,0.81567,0.75472,0.40212,1.20407,0.00178616,0.00178616,0.00178616
110,517.125,0.80024,0.4571,1.14345,0.99902,1,0.995,0.81164,0.7507,0.38666,1.21504,0.00178418,0.00178418,0.00178418
111,521.804,0.81042,0.45725,1.12952,0.99745,1,0.995,0.80154,0.77355,0.39159,1.24109,0.0017822,0.0017822,0.0017822
112,526.458,0.79632,0.4419,1.14483,0.99892,1,0.995,0.80646,0.77094,0.38042,1.21572,0.00178022,0.00178022,0.00178022
113,531.202,0.80612,0.44614,1.16086,0.99098,1,0.995,0.8028,0.76469,0.40402,1.20785,0.00177824,0.00177824,0.00177824
114,535.946,0.78851,0.44217,1.126,0.99745,1,0.995,0.79928,0.78206,0.40383,1.19319,0.00177626,0.00177626,0.00177626
115,540.693,0.80358,0.46013,1.15067,0.99361,1,0.995,0.80401,0.76386,0.41546,1.22158,0.00177428,0.00177428,0.00177428
116,545.357,0.81094,0.47187,1.1145,0.99865,1,0.995,0.80759,0.77383,0.39651,1.21246,0.0017723,0.0017723,0.0017723
117,550.103,0.78992,0.44772,1.13441,1,0.99804,0.995,0.81029,0.73127,0.39257,1.16602,0.00177032,0.00177032,0.00177032
118,554.771,0.8285,0.46481,1.13208,1,0.99749,0.995,0.79655,0.7894,0.3957,1.21989,0.00176834,0.00176834,0.00176834
119,559.442,0.79586,0.4431,1.12008,0.99303,1,0.995,0.81094,0.77806,0.39201,1.22625,0.00176636,0.00176636,0.00176636
120,564.103,0.81335,0.44751,1.13932,0.99868,1,0.995,0.82484,0.7307,0.38345,1.14865,0.00176438,0.00176438,0.00176438
121,568.774,0.80052,0.44842,1.11887,0.99616,1,0.995,0.8118,0.78221,0.38788,1.20179,0.0017624,0.0017624,0.0017624
122,573.446,0.78634,0.44509,1.14161,0.99931,1,0.995,0.81055,0.76156,0.38995,1.20947,0.00176042,0.00176042,0.00176042
123,578.203,0.83527,0.46881,1.12979,0.99899,1,0.995,0.82378,0.75032,0.38438,1.2106,0.00175844,0.00175844,0.00175844
124,582.862,0.82927,0.45805,1.17477,0.9985,1,0.995,0.81794,0.72889,0.3731,1.19186,0.00175646,0.00175646,0.00175646
125,587.606,0.8414,0.46388,1.13764,0.9982,1,0.995,0.80354,0.75931,0.41653,1.18342,0.00175448,0.00175448,0.00175448
126,592.252,0.77583,0.43827,1.10915,0.99912,1,0.995,0.80934,0.75171,0.38659,1.19613,0.0017525,0.0017525,0.0017525
127,596.925,0.79359,0.44582,1.09487,0.99785,1,0.995,0.81375,0.75515,0.39727,1.20485,0.00175052,0.00175052,0.00175052
128,601.696,0.81084,0.45636,1.15524,0.99936,1,0.995,0.83483,0.71201,0.37609,1.1647,0.00174854,0.00174854,0.00174854
129,606.372,0.82004,0.45231,1.14113,1,0.99899,0.995,0.83117,0.72424,0.3843,1.17997,0.00174656,0.00174656,0.00174656
130,611.034,0.77475,0.44563,1.10976,0.97989,0.98098,0.9946,0.81191,0.77354,0.42158,1.21801,0.00174458,0.00174458,0.00174458
131,615.704,0.79109,0.44382,1.13358,0.992,1,0.995,0.81711,0.74514,0.38549,1.19069,0.0017426,0.0017426,0.0017426
132,620.381,0.79327,0.44341,1.12742,0.99927,1,0.995,0.82018,0.77511,0.37359,1.21282,0.00174062,0.00174062,0.00174062
133,625.049,0.77884,0.44028,1.11525,0.99938,1,0.995,0.82603,0.72168,0.37642,1.16873,0.00173864,0.00173864,0.00173864
134,629.704,0.78732,0.43521,1.10455,0.99824,1,0.995,0.81411,0.74716,0.38078,1.18389,0.00173666,0.00173666,0.00173666
135,634.453,0.79212,0.44313,1.11033,0.99648,1,0.995,0.82016,0.73136,0.38189,1.17719,0.00173468,0.00173468,0.00173468
136,639.117,0.77924,0.42889,1.1214,0.99911,1,0.995,0.81278,0.73667,0.37836,1.1904,0.0017327,0.0017327,0.0017327
137,643.774,0.74753,0.4202,1.1146,0.99824,1,0.995,0.81137,0.73958,0.37086,1.18519,0.00173072,0.00173072,0.00173072
138,648.437,0.79232,0.44023,1.13172,0.99556,1,0.995,0.7911,0.74143,0.4402,1.19896,0.00172874,0.00172874,0.00172874
139,653.088,0.79289,0.45242,1.10563,0.99907,1,0.995,0.81035,0.72676,0.38276,1.1875,0.00172676,0.00172676,0.00172676
140,657.753,0.77745,0.43162,1.13236,0.99941,1,0.995,0.83287,0.74786,0.366,1.2038,0.00172478,0.00172478,0.00172478
141,662.414,0.78625,0.43392,1.11282,0.99159,1,0.995,0.82937,0.72319,0.3809,1.16179,0.0017228,0.0017228,0.0017228
142,667.076,0.79176,0.44291,1.11331,0.99839,1,0.995,0.8188,0.71912,0.37798,1.17731,0.00172082,0.00172082,0.00172082
143,671.846,0.78512,0.43803,1.11107,0.99729,1,0.995,0.83133,0.7169,0.37348,1.18805,0.00171884,0.00171884,0.00171884
144,676.614,0.7636,0.42123,1.10706,0.99605,1,0.995,0.83098,0.72776,0.3739,1.17028,0.00171686,0.00171686,0.00171686
145,681.299,0.78014,0.43809,1.12565,0.99357,1,0.995,0.82383,0.74247,0.40191,1.18846,0.00171488,0.00171488,0.00171488
146,685.978,0.78091,0.43453,1.11348,0.98869,1,0.99453,0.81768,0.7135,0.41259,1.15229,0.0017129,0.0017129,0.0017129
147,690.661,0.77031,0.42951,1.10145,0.99426,1,0.995,0.82294,0.72056,0.37804,1.17151,0.00171092,0.00171092,0.00171092
148,695.401,0.75214,0.41867,1.10164,0.9982,1,0.995,0.82048,0.73795,0.35996,1.16357,0.00170894,0.00170894,0.00170894
149,700.068,0.76229,0.43366,1.10741,0.99888,1,0.995,0.82134,0.70258,0.36269,1.16892,0.00170696,0.00170696,0.00170696
150,704.813,0.76687,0.4256,1.11086,0.99681,1,0.995,0.83449,0.71079,0.36759,1.17546,0.00170498,0.00170498,0.00170498
151,709.573,0.77521,0.43178,1.10528,0.9976,1,0.995,0.84164,0.68493,0.3552,1.1377,0.001703,0.001703,0.001703
152,714.345,0.75554,0.41544,1.09596,0.99925,1,0.995,0.83441,0.70421,0.3625,1.14444,0.00170102,0.00170102,0.00170102
153,719.024,0.74481,0.41618,1.11463,0.99789,1,0.995,0.81875,0.71762,0.36933,1.16087,0.00169904,0.00169904,0.00169904
154,723.691,0.78628,0.42411,1.09544,0.99879,1,0.995,0.82199,0.73969,0.37707,1.17628,0.00169706,0.00169706,0.00169706
155,728.439,0.75434,0.41218,1.09057,0.99898,1,0.995,0.84054,0.70052,0.35666,1.16518,0.00169508,0.00169508,0.00169508
156,733.108,0.79131,0.42744,1.10145,0.99565,1,0.995,0.82505,0.71888,0.36523,1.16954,0.0016931,0.0016931,0.0016931
157,737.776,0.73564,0.40816,1.09564,0.99929,1,0.995,0.821,0.73343,0.36682,1.18685,0.00169112,0.00169112,0.00169112
158,742.441,0.75665,0.42212,1.10085,0.99916,1,0.995,0.83383,0.71172,0.36272,1.16602,0.00168914,0.00168914,0.00168914
159,747.117,0.76311,0.41335,1.10165,0.99937,1,0.995,0.81965,0.72873,0.36794,1.18531,0.00168716,0.00168716,0.00168716
160,751.787,0.75772,0.43252,1.09018,0.99264,1,0.995,0.82303,0.72141,0.36923,1.16356,0.00168518,0.00168518,0.00168518
161,756.468,0.76193,0.42528,1.0936,0.99946,1,0.995,0.81964,0.72318,0.36378,1.18552,0.0016832,0.0016832,0.0016832
162,761.131,0.78523,0.43111,1.12181,0.99312,1,0.995,0.81246,0.72716,0.38068,1.18328,0.00168122,0.00168122,0.00168122
163,765.795,0.74433,0.4112,1.10133,0.99931,1,0.995,0.83546,0.6959,0.34436,1.16435,0.00167924,0.00167924,0.00167924
164,770.453,0.75603,0.4103,1.08424,0.99938,1,0.995,0.83038,0.70665,0.35169,1.13763,0.00167726,0.00167726,0.00167726
165,775.191,0.73325,0.41102,1.06425,0.99821,1,0.995,0.83482,0.6764,0.35176,1.13987,0.00167528,0.00167528,0.00167528
166,779.849,0.75162,0.41544,1.09443,0.99949,1,0.995,0.84052,0.68797,0.35985,1.15505,0.0016733,0.0016733,0.0016733
167,784.516,0.73249,0.41812,1.09139,0.99214,1,0.995,0.82348,0.70718,0.35452,1.16659,0.00167132,0.00167132,0.00167132
168,789.27,0.7762,0.42365,1.11636,0.99895,1,0.995,0.81496,0.72116,0.37593,1.17646,0.00166934,0.00166934,0.00166934
169,793.957,0.72654,0.41544,1.09453,0.99904,1,0.995,0.82398,0.69819,0.3603,1.15255,0.00166736,0.00166736,0.00166736
170,798.726,0.7699,0.41965,1.1076,0.99939,1,0.995,0.83507,0.74322,0.3792,1.16854,0.00166538,0.00166538,0.00166538
171,803.483,0.739,0.41733,1.10038,0.99266,1,0.995,0.81506,0.71008,0.38152,1.19447,0.0016634,0.0016634,0.0016634
172,808.166,0.74575,0.40521,1.08164,0.99916,1,0.995,0.83554,0.70388,0.34924,1.15145,0.00166142,0.00166142,0.00166142
173,812.838,0.77319,0.42111,1.10291,0.99924,1,0.995,0.82314,0.71749,0.35427,1.18095,0.00165944,0.00165944,0.00165944
174,817.513,0.78595,0.42509,1.12512,0.99879,1,0.995,0.81002,0.75578,0.38284,1.18208,0.00165746,0.00165746,0.00165746
175,822.177,0.76408,0.4136,1.07879,0.99892,1,0.995,0.83487,0.69375,0.36211,1.15955,0.00165548,0.00165548,0.00165548
176,826.843,0.75115,0.42147,1.08512,0.99846,1,0.995,0.83492,0.68471,0.35391,1.13952,0.0016535,0.0016535,0.0016535
177,831.598,0.76815,0.42008,1.08304,0.99893,1,0.995,0.82189,0.71227,0.37283,1.18024,0.00165152,0.00165152,0.00165152
178,836.275,0.74247,0.40385,1.08234,0.99934,1,0.995,0.82587,0.7042,0.34862,1.1507,0.00164954,0.00164954,0.00164954
179,840.936,0.75509,0.40887,1.08546,0.99953,1,0.995,0.82759,0.71989,0.34236,1.18909,0.00164756,0.00164756,0.00164756
180,845.593,0.73645,0.40393,1.07834,0.99877,1,0.995,0.8252,0.72024,0.36452,1.17629,0.00164558,0.00164558,0.00164558
181,850.251,0.75464,0.41218,1.09099,0.99946,1,0.995,0.83408,0.70172,0.35576,1.16465,0.0016436,0.0016436,0.0016436
182,854.916,0.75325,0.41113,1.09725,0.99884,1,0.995,0.83772,0.73262,0.37271,1.18766,0.00164162,0.00164162,0.00164162
183,859.667,0.73394,0.41187,1.08602,0.99868,1,0.995,0.83196,0.71243,0.35773,1.16845,0.00163964,0.00163964,0.00163964
184,864.405,0.73655,0.40533,1.08897,0.99651,1,0.995,0.82503,0.69314,0.35477,1.15747,0.00163766,0.00163766,0.00163766
185,869.158,0.75386,0.41447,1.09375,0.99915,1,0.995,0.81695,0.71599,0.34976,1.17893,0.00163568,0.00163568,0.00163568
186,873.828,0.72615,0.41244,1.09417,0.99909,1,0.995,0.81637,0.70891,0.35573,1.17373,0.0016337,0.0016337,0.0016337
187,878.494,0.73663,0.40623,1.09346,0.99217,1,0.995,0.82277,0.71854,0.352,1.18703,0.00163172,0.00163172,0.00163172
188,883.234,0.76559,0.41293,1.09667,0.99902,1,0.995,0.82857,0.74047,0.35555,1.18455,0.00162974,0.00162974,0.00162974
189,887.97,0.72574,0.40101,1.07759,0.99918,1,0.995,0.82173,0.71642,0.3629,1.17156,0.00162776,0.00162776,0.00162776
190,892.627,0.74933,0.40672,1.0881,0.99924,1,0.995,0.81152,0.72398,0.35455,1.18613,0.00162578,0.00162578,0.00162578
191,897.315,0.7371,0.40636,1.09146,0.99735,1,0.995,0.84151,0.69014,0.35238,1.14984,0.0016238,0.0016238,0.0016238
192,901.975,0.74374,0.40441,1.0914,0.99794,1,0.995,0.82659,0.71608,0.38577,1.17141,0.00162182,0.00162182,0.00162182
193,906.626,0.74684,0.41992,1.10183,0.99756,1,0.995,0.83564,0.68812,0.35853,1.14949,0.00161984,0.00161984,0.00161984
194,911.289,0.70625,0.39943,1.07403,0.99894,1,0.995,0.83941,0.68769,0.3403,1.15411,0.00161786,0.00161786,0.00161786
195,916.033,0.73579,0.40508,1.08948,0.99923,1,0.995,0.84034,0.70183,0.33135,1.15464,0.00161588,0.00161588,0.00161588
196,920.692,0.7312,0.39809,1.07713,0.99921,1,0.995,0.83304,0.6956,0.34402,1.1484,0.0016139,0.0016139,0.0016139
197,925.361,0.73727,0.40831,1.09714,0.99698,1,0.995,0.83797,0.70994,0.36412,1.16959,0.00161192,0.00161192,0.00161192
198,930.024,0.75819,0.41494,1.09432,0.99857,1,0.995,0.82355,0.73376,0.3642,1.17727,0.00160994,0.00160994,0.00160994
199,934.686,0.72059,0.39822,1.07809,0.99855,1,0.995,0.83481,0.71025,0.35829,1.19185,0.00160796,0.00160796,0.00160796
200,939.352,0.72134,0.39999,1.05615,0.99919,1,0.995,0.8383,0.67239,0.34419,1.15637,0.00160598,0.00160598,0.00160598
201,944.008,0.71357,0.40257,1.08549,0.99907,1,0.995,0.84039,0.69335,0.35214,1.17805,0.001604,0.001604,0.001604
202,948.673,0.72478,0.39676,1.09088,0.99904,1,0.995,0.85241,0.67369,0.34945,1.13559,0.00160202,0.00160202,0.00160202
203,953.348,0.72074,0.39698,1.0801,0.99941,1,0.995,0.82725,0.71012,0.3537,1.1633,0.00160004,0.00160004,0.00160004
204,958.006,0.71692,0.39085,1.07423,0.99938,1,0.995,0.84563,0.67767,0.33336,1.1534,0.00159806,0.00159806,0.00159806
205,962.663,0.74663,0.42011,1.07988,0.99823,1,0.995,0.8513,0.67552,0.35003,1.14854,0.00159608,0.00159608,0.00159608
206,967.43,0.71773,0.40775,1.07623,0.99865,1,0.995,0.84191,0.67632,0.33319,1.14479,0.0015941,0.0015941,0.0015941
207,972.202,0.72751,0.40292,1.08786,0.99926,1,0.995,0.83775,0.70665,0.35015,1.15559,0.00159212,0.00159212,0.00159212
208,976.864,0.71973,0.40639,1.08435,0.99866,1,0.995,0.8281,0.71023,0.35204,1.18051,0.00159014,0.00159014,0.00159014
209,981.527,0.73866,0.40821,1.08627,0.99843,1,0.995,0.84661,0.68592,0.35669,1.14283,0.00158816,0.00158816,0.00158816
210,986.206,0.71876,0.39296,1.0965,0.99932,1,0.995,0.8351,0.70302,0.3528,1.15709,0.00158618,0.00158618,0.00158618
211,990.859,0.72158,0.39925,1.06874,0.99785,1,0.995,0.8468,0.6909,0.35471,1.15477,0.0015842,0.0015842,0.0015842
212,995.527,0.74759,0.39562,1.09795,0.99837,1,0.995,0.82515,0.70347,0.35329,1.16795,0.00158222,0.00158222,0.00158222
213,1000.19,0.72885,0.40629,1.10194,0.99918,1,0.995,0.83274,0.69134,0.3499,1.15183,0.00158024,0.00158024,0.00158024
214,1004.85,0.71952,0.39935,1.07549,0.99899,1,0.995,0.82356,0.67699,0.33672,1.14815,0.00157826,0.00157826,0.00157826
215,1009.52,0.72167,0.39077,1.07781,0.99925,1,0.995,0.83717,0.69684,0.33895,1.16101,0.00157628,0.00157628,0.00157628
216,1014.19,0.73279,0.39588,1.0856,0.99908,1,0.995,0.82901,0.70196,0.33713,1.15773,0.0015743,0.0015743,0.0015743
217,1018.87,0.74098,0.39652,1.09335,0.99908,1,0.995,0.83665,0.70985,0.34198,1.18611,0.00157232,0.00157232,0.00157232
218,1023.52,0.73833,0.39613,1.08102,0.99921,1,0.995,0.81906,0.71508,0.35642,1.19156,0.00157034,0.00157034,0.00157034
219,1028.18,0.70112,0.39512,1.05444,0.99931,1,0.995,0.84177,0.68897,0.3356,1.16751,0.00156836,0.00156836,0.00156836
220,1032.92,0.70499,0.38826,1.06599,0.99832,1,0.995,0.83977,0.69585,0.34329,1.16069,0.00156638,0.00156638,0.00156638
221,1037.59,0.68979,0.38137,1.04178,0.99872,1,0.995,0.83924,0.71885,0.34724,1.17805,0.0015644,0.0015644,0.0015644
222,1042.24,0.73351,0.4057,1.07798,0.99784,1,0.995,0.83592,0.70062,0.34734,1.15304,0.00156242,0.00156242,0.00156242
223,1046.91,0.7179,0.39108,1.07612,0.99937,1,0.995,0.85098,0.68958,0.34182,1.14745,0.00156044,0.00156044,0.00156044
224,1051.57,0.68629,0.38067,1.05727,0.99929,1,0.995,0.8436,0.69096,0.33207,1.1522,0.00155846,0.00155846,0.00155846
225,1056.23,0.70021,0.38877,1.0616,0.99896,1,0.995,0.84488,0.67574,0.34932,1.12868,0.00155648,0.00155648,0.00155648
226,1060.97,0.72733,0.40677,1.07771,0.99847,1,0.995,0.83723,0.70154,0.35507,1.17027,0.0015545,0.0015545,0.0015545
227,1065.63,0.7138,0.39149,1.07708,0.99892,1,0.995,0.8352,0.70336,0.33651,1.14978,0.00155252,0.00155252,0.00155252
228,1070.31,0.73599,0.40049,1.09305,0.99885,1,0.995,0.84356,0.69086,0.33979,1.15288,0.00155054,0.00155054,0.00155054
229,1074.97,0.72376,0.39938,1.07807,0.99939,1,0.995,0.84002,0.68653,0.33731,1.14187,0.00154856,0.00154856,0.00154856
230,1079.66,0.69925,0.39404,1.06762,0.99925,1,0.995,0.83804,0.69133,0.3426,1.14951,0.00154658,0.00154658,0.00154658
231,1084.35,0.71281,0.39013,1.05867,0.99944,1,0.995,0.84041,0.70431,0.34759,1.15223,0.0015446,0.0015446,0.0015446
232,1089.01,0.69567,0.38857,1.05472,0.99931,1,0.995,0.83235,0.67387,0.33236,1.14197,0.00154262,0.00154262,0.00154262
233,1093.78,0.71876,0.40147,1.08662,0.99938,1,0.995,0.84504,0.66965,0.33175,1.14067,0.00154064,0.00154064,0.00154064
234,1098.45,0.6971,0.37819,1.06512,0.99925,1,0.995,0.84483,0.67264,0.33327,1.13717,0.00153866,0.00153866,0.00153866
235,1103.19,0.71925,0.38717,1.06178,0.99905,1,0.995,0.8325,0.6937,0.33408,1.14271,0.00153668,0.00153668,0.00153668
236,1107.85,0.68032,0.37365,1.03733,0.99948,1,0.995,0.84448,0.66633,0.33245,1.12522,0.0015347,0.0015347,0.0015347
237,1112.51,0.70056,0.3842,1.06236,0.99943,1,0.995,0.84663,0.68499,0.3309,1.13783,0.00153272,0.00153272,0.00153272
238,1117.16,0.72882,0.39014,1.08973,0.99935,1,0.995,0.83378,0.68201,0.33033,1.14475,0.00153074,0.00153074,0.00153074
239,1121.82,0.68861,0.37343,1.04882,0.99715,1,0.995,0.8519,0.66638,0.33474,1.13552,0.00152876,0.00152876,0.00152876
240,1126.48,0.70406,0.38277,1.05661,0.9992,1,0.995,0.83985,0.67417,0.33684,1.13576,0.00152678,0.00152678,0.00152678
241,1131.14,0.70634,0.37968,1.05625,0.99922,1,0.995,0.83346,0.69145,0.34454,1.16722,0.0015248,0.0015248,0.0015248
242,1135.81,0.69877,0.39034,1.05989,0.99878,1,0.995,0.84012,0.69814,0.34624,1.16221,0.00152282,0.00152282,0.00152282
243,1140.57,0.71311,0.3912,1.06466,0.99924,1,0.995,0.83824,0.68094,0.33264,1.14703,0.00152084,0.00152084,0.00152084
244,1145.25,0.69245,0.38262,1.05042,0.99933,1,0.995,0.83453,0.68086,0.33943,1.14798,0.00151886,0.00151886,0.00151886
245,1149.91,0.71693,0.39464,1.05857,0.99945,1,0.995,0.84596,0.67921,0.33003,1.16593,0.00151688,0.00151688,0.00151688
246,1154.59,0.69527,0.38723,1.06661,0.99943,1,0.995,0.8432,0.69961,0.35007,1.16408,0.0015149,0.0015149,0.0015149
247,1159.25,0.69584,0.37676,1.07052,0.99884,1,0.995,0.85339,0.66855,0.33256,1.14163,0.00151292,0.00151292,0.00151292
248,1163.96,0.69665,0.38387,1.06908,0.99914,1,0.995,0.83965,0.68813,0.33978,1.16402,0.00151094,0.00151094,0.00151094
249,1168.63,0.67064,0.36959,1.03721,0.99928,1,0.995,0.84994,0.68417,0.3299,1.15018,0.00150896,0.00150896,0.00150896
250,1173.29,0.71902,0.39441,1.06351,0.99847,1,0.995,0.84195,0.6866,0.33596,1.15152,0.00150698,0.00150698,0.00150698
251,1177.96,0.70094,0.39611,1.06814,0.99835,1,0.995,0.84418,0.69219,0.34237,1.16642,0.001505,0.001505,0.001505
252,1182.63,0.70989,0.37634,1.06964,0.99829,1,0.995,0.84259,0.68266,0.33993,1.14785,0.00150302,0.00150302,0.00150302
253,1187.37,0.69164,0.37559,1.06507,0.99941,1,0.995,0.85453,0.67203,0.32524,1.15283,0.00150104,0.00150104,0.00150104
254,1192.06,0.70572,0.3874,1.0643,0.99854,1,0.995,0.84146,0.7088,0.33908,1.15705,0.00149906,0.00149906,0.00149906
255,1196.73,0.6968,0.38743,1.05537,0.99862,1,0.995,0.84333,0.68151,0.33651,1.13527,0.00149708,0.00149708,0.00149708
256,1201.39,0.71959,0.38722,1.06603,0.99869,1,0.995,0.83939,0.68267,0.342,1.13987,0.0014951,0.0014951,0.0014951
257,1206.05,0.67834,0.38278,1.06744,0.998,1,0.995,0.83906,0.69969,0.33427,1.14958,0.00149312,0.00149312,0.00149312
258,1210.71,0.68469,0.38131,1.04766,0.9964,1,0.995,0.84991,0.67446,0.33309,1.14831,0.00149114,0.00149114,0.00149114
259,1215.38,0.70494,0.38584,1.07512,0.99901,1,0.995,0.85412,0.65774,0.32269,1.12678,0.00148916,0.00148916,0.00148916
260,1220.05,0.68002,0.37553,1.049,0.99773,1,0.995,0.83926,0.69368,0.34819,1.15185,0.00148718,0.00148718,0.00148718
261,1224.73,0.68989,0.37984,1.04606,0.9994,1,0.995,0.84555,0.68781,0.33274,1.14735,0.0014852,0.0014852,0.0014852
262,1229.39,0.71496,0.39181,1.06974,0.99901,1,0.995,0.83447,0.68368,0.34203,1.15078,0.00148322,0.00148322,0.00148322
263,1234.06,0.69819,0.38438,1.07708,0.99953,1,0.995,0.83955,0.66822,0.32652,1.13247,0.00148124,0.00148124,0.00148124
264,1238.72,0.68721,0.37498,1.06003,0.99952,1,0.995,0.86116,0.64406,0.31555,1.12235,0.00147926,0.00147926,0.00147926
265,1243.41,0.72534,0.39145,1.05987,0.99838,1,0.995,0.84128,0.67224,0.33462,1.13919,0.00147728,0.00147728,0.00147728
266,1248.07,0.71042,0.38472,1.06357,0.99876,1,0.995,0.84852,0.68121,0.32784,1.13498,0.0014753,0.0014753,0.0014753
267,1252.73,0.70025,0.3766,1.06395,0.99942,1,0.995,0.84876,0.66944,0.316,1.13476,0.00147332,0.00147332,0.00147332
268,1257.39,0.68174,0.37827,1.04098,0.99944,1,0.995,0.85479,0.66677,0.32373,1.13878,0.00147134,0.00147134,0.00147134
269,1262.13,0.68877,0.37794,1.05683,0.99765,1,0.995,0.85072,0.67282,0.32907,1.1354,0.00146936,0.00146936,0.00146936
270,1266.82,0.69901,0.37374,1.05968,0.99484,1,0.995,0.84791,0.67711,0.32866,1.1598,0.00146738,0.00146738,0.00146738
271,1271.57,0.69942,0.37575,1.05337,0.99946,1,0.995,0.85214,0.67159,0.32249,1.14186,0.0014654,0.0014654,0.0014654
272,1276.25,0.69213,0.37754,1.05888,0.99913,1,0.995,0.84063,0.68594,0.32887,1.15348,0.00146342,0.00146342,0.00146342
273,1280.92,0.67654,0.37573,1.05076,0.99893,1,0.995,0.85445,0.66785,0.32151,1.13543,0.00146144,0.00146144,0.00146144
274,1285.59,0.67453,0.36995,1.03386,0.99922,1,0.995,0.84806,0.68404,0.34004,1.14101,0.00145946,0.00145946,0.00145946
275,1290.35,0.65082,0.35908,1.04169,0.99925,1,0.995,0.85419,0.66951,0.31681,1.14253,0.00145748,0.00145748,0.00145748
276,1295.01,0.693,0.38058,1.0561,0.99911,1,0.995,0.84347,0.68236,0.32761,1.14501,0.0014555,0.0014555,0.0014555
277,1299.68,0.68021,0.37942,1.05133,0.99912,1,0.995,0.82821,0.69564,0.33626,1.16608,0.00145352,0.00145352,0.00145352
278,1304.42,0.67971,0.37743,1.0526,0.99767,1,0.995,0.83526,0.70123,0.33678,1.17506,0.00145154,0.00145154,0.00145154
279,1309.2,0.70418,0.38002,1.05766,0.99932,1,0.995,0.83973,0.67833,0.32654,1.14658,0.00144956,0.00144956,0.00144956
280,1313.96,0.69515,0.37583,1.0548,0.99546,1,0.995,0.84287,0.68388,0.32482,1.17116,0.00144758,0.00144758,0.00144758
281,1318.64,0.70932,0.38434,1.05244,0.99931,1,0.995,0.8267,0.69225,0.3437,1.14852,0.0014456,0.0014456,0.0014456
282,1323.32,0.68612,0.37544,1.05254,0.99824,1,0.995,0.85226,0.66947,0.33199,1.1461,0.00144362,0.00144362,0.00144362
283,1328,0.66881,0.36171,1.04019,0.99885,1,0.995,0.84896,0.6624,0.32159,1.1433,0.00144164,0.00144164,0.00144164
284,1332.67,0.66421,0.35865,1.03743,0.99943,1,0.995,0.84445,0.66953,0.31531,1.13869,0.00143966,0.00143966,0.00143966
285,1337.35,0.69823,0.38532,1.04842,0.99941,1,0.995,0.84351,0.67258,0.31477,1.16838,0.00143768,0.00143768,0.00143768
286,1342.01,0.68744,0.37844,1.04848,0.99929,1,0.995,0.84182,0.66949,0.32074,1.13914,0.0014357,0.0014357,0.0014357
287,1346.67,0.67402,0.36673,1.03744,0.99929,1,0.995,0.84659,0.68348,0.32594,1.15336,0.00143372,0.00143372,0.00143372
288,1351.34,0.67025,0.36937,1.04579,0.99942,1,0.995,0.84295,0.67421,0.31714,1.14142,0.00143174,0.00143174,0.00143174
289,1356,0.67097,0.36407,1.03715,0.99948,1,0.995,0.84062,0.6947,0.32184,1.16717,0.00142976,0.00142976,0.00142976
290,1360.67,0.70324,0.37307,1.05992,0.99826,1,0.995,0.84243,0.67659,0.33175,1.13773,0.00142778,0.00142778,0.00142778
291,1365.34,0.68155,0.37648,1.05671,0.99799,1,0.995,0.82003,0.68045,0.33479,1.16043,0.0014258,0.0014258,0.0014258
292,1370.09,0.68643,0.36494,1.05846,0.99866,1,0.995,0.84784,0.66943,0.31396,1.14186,0.00142382,0.00142382,0.00142382
293,1374.84,0.71589,0.36862,1.06931,0.99907,1,0.995,0.85199,0.67493,0.32188,1.14215,0.00142184,0.00142184,0.00142184
294,1379.6,0.69153,0.36925,1.07053,0.99838,1,0.995,0.85264,0.66269,0.31595,1.13012,0.00141986,0.00141986,0.00141986
295,1384.28,0.70545,0.37245,1.04943,0.99887,1,0.995,0.84193,0.67903,0.32071,1.15198,0.00141788,0.00141788,0.00141788
296,1388.94,0.6817,0.36652,1.05246,0.99922,1,0.995,0.85388,0.6693,0.31431,1.13881,0.0014159,0.0014159,0.0014159
297,1393.61,0.67158,0.36365,1.03221,0.99932,1,0.995,0.84837,0.67306,0.31912,1.13236,0.00141392,0.00141392,0.00141392
298,1398.29,0.66932,0.3605,1.04733,0.99931,1,0.995,0.85502,0.67199,0.31313,1.13442,0.00141194,0.00141194,0.00141194
299,1403.03,0.69265,0.36752,1.06279,0.99943,1,0.995,0.84104,0.67872,0.31487,1.16537,0.00140996,0.00140996,0.00140996
300,1407.78,0.68592,0.37426,1.05985,0.99921,1,0.995,0.8308,0.68968,0.32505,1.14814,0.00140798,0.00140798,0.00140798
301,1412.46,0.67841,0.3701,1.04439,0.99775,1,0.995,0.85448,0.6619,0.31512,1.12871,0.001406,0.001406,0.001406
302,1417.14,0.70395,0.37287,1.06535,0.99896,1,0.995,0.83949,0.6738,0.32798,1.13689,0.00140402,0.00140402,0.00140402
303,1421.9,0.67102,0.36178,1.03661,0.99941,1,0.995,0.84903,0.66104,0.31531,1.12869,0.00140204,0.00140204,0.00140204
304,1426.56,0.69484,0.37398,1.05145,0.99871,1,0.995,0.84745,0.68106,0.3266,1.16092,0.00140006,0.00140006,0.00140006
305,1431.32,0.68907,0.3726,1.05858,0.9982,1,0.995,0.83808,0.682,0.32809,1.14505,0.00139808,0.00139808,0.00139808
306,1435.99,0.68513,0.36908,1.05266,0.99892,1,0.995,0.84518,0.6925,0.31946,1.15179,0.0013961,0.0013961,0.0013961
307,1440.66,0.66586,0.35445,1.03521,0.99877,1,0.995,0.84625,0.69113,0.3171,1.15234,0.00139412,0.00139412,0.00139412
308,1445.33,0.66133,0.35714,1.03152,0.9936,1,0.995,0.85643,0.66038,0.31649,1.13121,0.00139214,0.00139214,0.00139214
309,1450.1,0.66145,0.35628,1.04282,0.99667,1,0.995,0.85931,0.67943,0.31986,1.15449,0.00139016,0.00139016,0.00139016
310,1454.78,0.63688,0.34453,1.01919,0.99951,1,0.995,0.85545,0.66616,0.31672,1.13927,0.00138818,0.00138818,0.00138818
311,1459.53,0.65294,0.35567,1.03072,0.99939,1,0.995,0.84843,0.68241,0.31392,1.15163,0.0013862,0.0013862,0.0013862
312,1464.2,0.66968,0.36351,1.05298,0.99905,1,0.995,0.85817,0.68534,0.31932,1.15869,0.00138422,0.00138422,0.00138422
313,1468.95,0.67576,0.3629,1.02827,0.99892,1,0.995,0.84191,0.6764,0.31574,1.16377,0.00138224,0.00138224,0.00138224
314,1473.62,0.64817,0.34654,1.02849,0.99906,1,0.995,0.85194,0.67909,0.30921,1.14383,0.00138026,0.00138026,0.00138026
315,1478.3,0.65863,0.3582,1.03907,0.99913,1,0.995,0.85752,0.67176,0.31196,1.12491,0.00137828,0.00137828,0.00137828
316,1483.05,0.66072,0.36322,1.04719,0.9995,1,0.995,0.84625,0.6711,0.31218,1.14363,0.0013763,0.0013763,0.0013763
317,1487.81,0.66246,0.36848,1.04062,0.99927,1,0.995,0.85075,0.67125,0.3205,1.15276,0.00137432,0.00137432,0.00137432
318,1492.47,0.67871,0.37756,1.0608,0.9981,1,0.995,0.84024,0.69948,0.32438,1.16309,0.00137234,0.00137234,0.00137234
319,1497.24,0.66496,0.36236,1.03945,0.9994,1,0.995,0.84545,0.68321,0.31175,1.15564,0.00137036,0.00137036,0.00137036
320,1501.9,0.68831,0.36554,1.05028,0.99935,1,0.995,0.84522,0.68877,0.31486,1.15573,0.00136838,0.00136838,0.00136838
321,1506.57,0.67743,0.36304,1.04189,0.99947,1,0.995,0.85003,0.65185,0.30535,1.13117,0.0013664,0.0013664,0.0013664
322,1511.23,0.66037,0.36488,1.01842,0.99916,1,0.995,0.85041,0.67745,0.31316,1.15288,0.00136442,0.00136442,0.00136442
323,1516.01,0.66628,0.36177,1.05678,0.99937,1,0.995,0.84433,0.68351,0.31195,1.16745,0.00136244,0.00136244,0.00136244
324,1520.78,0.68432,0.36997,1.04781,0.99938,1,0.995,0.8548,0.66861,0.308,1.16134,0.00136046,0.00136046,0.00136046
325,1525.45,0.66696,0.35743,1.04141,0.99953,1,0.995,0.84211,0.68864,0.30949,1.16133,0.00135848,0.00135848,0.00135848
326,1530.21,0.68934,0.36303,1.05957,0.99934,1,0.995,0.84917,0.69496,0.31994,1.17204,0.0013565,0.0013565,0.0013565
327,1534.88,0.6547,0.35229,1.03738,0.99911,1,0.995,0.8423,0.68034,0.32041,1.16424,0.00135452,0.00135452,0.00135452
328,1539.54,0.67599,0.36715,1.0489,0.99942,1,0.995,0.84737,0.69924,0.32113,1.15614,0.00135254,0.00135254,0.00135254
329,1544.21,0.66465,0.3536,1.03061,0.99946,1,0.995,0.83508,0.6868,0.30962,1.15907,0.00135056,0.00135056,0.00135056
330,1548.95,0.66633,0.35591,1.03962,0.99934,1,0.995,0.84689,0.6777,0.3169,1.15529,0.00134858,0.00134858,0.00134858
331,1553.6,0.6656,0.35307,1.03944,0.99949,1,0.995,0.84525,0.67848,0.32005,1.14536,0.0013466,0.0013466,0.0013466
332,1558.27,0.68594,0.36127,1.04736,0.99952,1,0.995,0.8513,0.68854,0.31379,1.15598,0.00134462,0.00134462,0.00134462
333,1562.94,0.68221,0.363,1.06294,0.99926,1,0.995,0.8465,0.66625,0.30483,1.13374,0.00134264,0.00134264,0.00134264
334,1567.61,0.68766,0.37267,1.04765,0.99942,1,0.995,0.84907,0.662,0.31594,1.14741,0.00134066,0.00134066,0.00134066
335,1572.28,0.6665,0.35375,1.03955,0.99941,1,0.995,0.84948,0.67061,0.31496,1.15732,0.00133868,0.00133868,0.00133868
336,1576.99,0.66859,0.36067,1.03074,0.99954,1,0.995,0.85962,0.66556,0.31458,1.1503,0.0013367,0.0013367,0.0013367
337,1581.65,0.66506,0.35269,1.03524,0.99949,1,0.995,0.86401,0.6438,0.30599,1.11943,0.00133472,0.00133472,0.00133472
338,1586.33,0.64861,0.34807,1.02728,0.99922,1,0.995,0.85055,0.67663,0.31766,1.1579,0.00133274,0.00133274,0.00133274
339,1591,0.66138,0.35671,1.03059,0.99932,1,0.995,0.84355,0.68484,0.31331,1.15829,0.00133076,0.00133076,0.00133076
340,1595.68,0.65395,0.35225,1.02625,0.99948,1,0.995,0.85346,0.67645,0.31218,1.1475,0.00132878,0.00132878,0.00132878
341,1600.36,0.64454,0.35298,1.01996,0.9993,1,0.995,0.85813,0.661,0.31013,1.13904,0.0013268,0.0013268,0.0013268
342,1605.11,0.6737,0.36385,1.02397,0.99863,1,0.995,0.8434,0.6746,0.31638,1.14925,0.00132482,0.00132482,0.00132482
343,1609.91,0.6396,0.34827,1.0304,0.9989,1,0.995,0.84585,0.67413,0.31617,1.14279,0.00132284,0.00132284,0.00132284
344,1614.68,0.63055,0.34616,1.01473,0.9991,1,0.995,0.856,0.6743,0.31348,1.14721,0.00132086,0.00132086,0.00132086
345,1619.36,0.64783,0.34999,1.01986,0.99919,1,0.995,0.85651,0.66916,0.30274,1.15566,0.00131888,0.00131888,0.00131888
346,1624.03,0.66266,0.35336,1.02961,0.99803,1,0.995,0.84413,0.66821,0.31548,1.14602,0.0013169,0.0013169,0.0013169
347,1628.7,0.64933,0.35041,1.02759,0.99653,1,0.995,0.84104,0.66007,0.30729,1.13043,0.00131492,0.00131492,0.00131492
348,1633.37,0.64746,0.35358,1.02881,0.99917,1,0.995,0.84792,0.67179,0.30472,1.14838,0.00131294,0.00131294,0.00131294
349,1638.03,0.67094,0.35872,1.04041,0.9991,1,0.995,0.85168,0.67129,0.30677,1.15123,0.00131096,0.00131096,0.00131096
350,1642.78,0.64738,0.35095,1.02971,0.99932,1,0.995,0.84753,0.6676,0.30661,1.14525,0.00130898,0.00130898,0.00130898
351,1647.54,0.64632,0.35185,1.02747,0.99905,1,0.995,0.853,0.64594,0.30379,1.12799,0.001307,0.001307,0.001307
352,1652.21,0.65274,0.35263,1.0264,0.99888,1,0.995,0.85618,0.66283,0.31382,1.13293,0.00130502,0.00130502,0.00130502
353,1656.9,0.6439,0.3465,1.01551,0.99899,1,0.995,0.84564,0.67735,0.31088,1.16232,0.00130304,0.00130304,0.00130304
354,1661.66,0.64871,0.34696,1.02692,0.99893,1,0.995,0.85086,0.6732,0.30758,1.15212,0.00130106,0.00130106,0.00130106
355,1666.32,0.66703,0.3567,1.03353,0.99893,1,0.995,0.84739,0.67969,0.31903,1.1598,0.00129908,0.00129908,0.00129908
356,1670.99,0.629,0.35397,1.02479,0.9988,1,0.995,0.83993,0.68428,0.3142,1.15815,0.0012971,0.0012971,0.0012971
357,1675.66,0.65364,0.36122,1.03309,0.99869,1,0.995,0.84222,0.68079,0.31178,1.15709,0.00129512,0.00129512,0.00129512
358,1680.43,0.67438,0.36256,1.04538,0.9989,1,0.995,0.85183,0.67044,0.30247,1.14632,0.00129314,0.00129314,0.00129314
359,1685.07,0.63908,0.35446,1.03342,0.99918,1,0.995,0.85462,0.66516,0.30407,1.14382,0.00129116,0.00129116,0.00129116
360,1689.74,0.6683,0.35433,1.05275,0.99912,1,0.995,0.86166,0.66143,0.30111,1.13999,0.00128918,0.00128918,0.00128918
361,1694.41,0.64472,0.35137,1.027,0.99807,1,0.995,0.85568,0.66835,0.31418,1.15961,0.0012872,0.0012872,0.0012872
362,1699.09,0.65997,0.35223,1.03976,0.99795,1,0.995,0.85841,0.65358,0.30522,1.14838,0.00128522,0.00128522,0.00128522
363,1703.75,0.66478,0.35463,1.04162,0.99844,1,0.995,0.85248,0.65017,0.30505,1.14733,0.00128324,0.00128324,0.00128324
364,1708.52,0.63793,0.3435,1.02517,0.99901,1,0.995,0.85752,0.66835,0.30176,1.14478,0.00128126,0.00128126,0.00128126
365,1713.19,0.63962,0.34304,1.02676,0.98789,1,0.995,0.85111,0.67682,0.31361,1.14908,0.00127928,0.00127928,0.00127928
366,1717.88,0.64831,0.34434,1.02004,0.99832,1,0.995,0.8588,0.66982,0.30628,1.14723,0.0012773,0.0012773,0.0012773
367,1722.56,0.6484,0.34775,1.03109,0.99815,1,0.995,0.85309,0.66202,0.30622,1.14311,0.00127532,0.00127532,0.00127532
368,1727.22,0.64652,0.34927,1.0309,0.99916,1,0.995,0.84665,0.65418,0.3058,1.1332,0.00127334,0.00127334,0.00127334
369,1731.89,0.63573,0.33913,1.0278,0.9994,1,0.995,0.85327,0.65974,0.30164,1.13909,0.00127136,0.00127136,0.00127136
370,1736.66,0.62679,0.3452,1.01127,0.99951,1,0.995,0.85529,0.65416,0.3046,1.12563,0.00126938,0.00126938,0.00126938
371,1741.41,0.63257,0.34824,1.02617,0.99956,1,0.995,0.85582,0.65615,0.29435,1.13287,0.0012674,0.0012674,0.0012674
372,1746.07,0.66045,0.34553,1.05514,0.9995,1,0.995,0.85859,0.66947,0.3027,1.14548,0.00126542,0.00126542,0.00126542
373,1750.75,0.62851,0.34158,1.01008,0.99937,1,0.995,0.8564,0.66059,0.30318,1.13695,0.00126344,0.00126344,0.00126344
374,1755.51,0.6768,0.35356,1.0352,0.99948,1,0.995,0.86774,0.65865,0.29866,1.13234,0.00126146,0.00126146,0.00126146
375,1760.3,0.66561,0.35305,1.02538,0.99947,1,0.995,0.85998,0.67065,0.30596,1.161,0.00125948,0.00125948,0.00125948
376,1764.97,0.66184,0.35117,1.01395,0.99907,1,0.995,0.86595,0.67151,0.30814,1.14054,0.0012575,0.0012575,0.0012575
377,1769.63,0.6459,0.34733,1.00598,0.99888,1,0.995,0.85854,0.65696,0.30904,1.12529,0.00125552,0.00125552,0.00125552
378,1774.32,0.63675,0.34488,1.02171,0.99907,1,0.995,0.85754,0.65697,0.30085,1.12141,0.00125354,0.00125354,0.00125354
379,1778.99,0.63832,0.342,1.00677,0.99922,1,0.995,0.85506,0.65721,0.29835,1.13685,0.00125156,0.00125156,0.00125156
380,1783.66,0.62984,0.35122,1.02078,0.99882,1,0.995,0.84793,0.67188,0.30557,1.15496,0.00124958,0.00124958,0.00124958
381,1788.34,0.65381,0.34951,1.03457,0.99926,1,0.995,0.86558,0.66569,0.30268,1.16249,0.0012476,0.0012476,0.0012476
382,1793.11,0.64351,0.34199,1.01626,0.99906,1,0.995,0.87049,0.65306,0.30486,1.13538,0.00124562,0.00124562,0.00124562
383,1797.8,0.65805,0.35499,1.01785,0.99938,1,0.995,0.85744,0.66195,0.30385,1.13958,0.00124364,0.00124364,0.00124364
384,1802.47,0.66379,0.35377,1.03893,0.99942,1,0.995,0.84808,0.67539,0.29951,1.14365,0.00124166,0.00124166,0.00124166
385,1807.21,0.61525,0.33712,1.00042,0.99945,1,0.995,0.85288,0.66617,0.3037,1.135,0.00123968,0.00123968,0.00123968
386,1811.88,0.62875,0.33744,1.00902,0.9991,1,0.995,0.84839,0.66881,0.30517,1.14935,0.0012377,0.0012377,0.0012377
387,1816.65,0.64978,0.33991,1.02679,0.99954,1,0.995,0.84976,0.67133,0.303,1.15647,0.00123572,0.00123572,0.00123572
388,1821.31,0.63362,0.34124,1.03233,0.99953,1,0.995,0.84877,0.66256,0.29678,1.14292,0.00123374,0.00123374,0.00123374
389,1825.98,0.64393,0.34644,1.02207,0.9995,1,0.995,0.85307,0.67821,0.30394,1.15149,0.00123176,0.00123176,0.00123176
390,1830.65,0.64005,0.34602,1.02701,0.99955,1,0.995,0.85061,0.6727,0.30276,1.14291,0.00122978,0.00122978,0.00122978
391,1835.31,0.63725,0.34556,1.02146,0.99953,1,0.995,0.8492,0.65959,0.29751,1.14531,0.0012278,0.0012278,0.0012278
392,1839.97,0.66684,0.35428,1.02227,0.99957,1,0.995,0.84884,0.66238,0.29748,1.12339,0.00122582,0.00122582,0.00122582
393,1844.65,0.65598,0.34752,1.03059,0.99954,1,0.995,0.85816,0.65948,0.30299,1.13367,0.00122384,0.00122384,0.00122384
394,1849.4,0.62584,0.34207,1.01355,0.99934,1,0.995,0.86299,0.66096,0.3046,1.13685,0.00122186,0.00122186,0.00122186
395,1854.15,0.62746,0.33796,1.01373,0.99871,1,0.995,0.86152,0.65697,0.3009,1.15127,0.00121988,0.00121988,0.00121988
396,1858.82,0.62932,0.34004,1.00313,0.99781,1,0.995,0.85671,0.65312,0.30064,1.13715,0.0012179,0.0012179,0.0012179
397,1863.5,0.65544,0.34752,1.03836,0.9995,1,0.995,0.85679,0.66559,0.29686,1.14576,0.00121592,0.00121592,0.00121592
398,1868.17,0.64988,0.34404,1.02139,0.99936,1,0.995,0.8458,0.67297,0.30861,1.14864,0.00121394,0.00121394,0.00121394
399,1872.94,0.62457,0.3347,1.00512,0.9992,1,0.995,0.86265,0.66227,0.29251,1.14213,0.00121196,0.00121196,0.00121196
400,1877.62,0.63811,0.34019,1.0087,0.99901,1,0.995,0.8579,0.66061,0.30052,1.15127,0.00120998,0.00120998,0.00120998
401,1882.31,0.65478,0.34473,1.02279,0.99949,1,0.995,0.86415,0.65149,0.29669,1.14483,0.001208,0.001208,0.001208
402,1886.97,0.62142,0.3399,1.01492,0.99939,1,0.995,0.85753,0.64818,0.29419,1.13438,0.00120602,0.00120602,0.00120602
403,1891.65,0.61849,0.33797,1.01333,0.99872,1,0.995,0.85704,0.65261,0.29365,1.13956,0.00120404,0.00120404,0.00120404
404,1896.32,0.64831,0.34372,1.02001,0.99857,1,0.995,0.85951,0.66954,0.30953,1.14576,0.00120206,0.00120206,0.00120206
405,1900.99,0.66314,0.35454,1.0148,0.99916,1,0.995,0.85492,0.67773,0.30835,1.1553,0.00120008,0.00120008,0.00120008
406,1905.67,0.63588,0.33964,1.02497,0.9995,1,0.995,0.86269,0.67338,0.30257,1.1519,0.0011981,0.0011981,0.0011981
407,1910.35,0.63464,0.34223,1.01496,0.99953,1,0.995,0.86964,0.66257,0.30432,1.1355,0.00119612,0.00119612,0.00119612
408,1915.02,0.63562,0.34193,1.01692,0.99947,1,0.995,0.86149,0.66966,0.30193,1.1534,0.00119414,0.00119414,0.00119414
409,1919.76,0.62274,0.3379,1.00807,0.99951,1,0.995,0.85099,0.67361,0.3036,1.15268,0.00119216,0.00119216,0.00119216
410,1924.51,0.63222,0.34102,1.01064,0.99946,1,0.995,0.85401,0.67945,0.29635,1.15812,0.00119018,0.00119018,0.00119018
411,1929.28,0.62096,0.3412,1.01156,0.99949,1,0.995,0.84711,0.67447,0.30172,1.15872,0.0011882,0.0011882,0.0011882
412,1934.04,0.62167,0.33392,1.01186,0.99914,1,0.995,0.8514,0.66069,0.30031,1.14048,0.00118622,0.00118622,0.00118622
413,1938.8,0.63915,0.34425,1.00602,0.99934,1,0.995,0.85213,0.66809,0.2985,1.14822,0.00118424,0.00118424,0.00118424
414,1943.46,0.63687,0.3484,1.02776,0.99947,1,0.995,0.8548,0.66017,0.295,1.14425,0.00118226,0.00118226,0.00118226
415,1948.13,0.63652,0.34951,1.02574,0.99944,1,0.995,0.85438,0.66665,0.29946,1.14561,0.00118028,0.00118028,0.00118028
416,1952.82,0.63912,0.34342,1.02623,0.99936,1,0.995,0.85181,0.64954,0.2962,1.13801,0.0011783,0.0011783,0.0011783
417,1957.49,0.62976,0.3403,1.00781,0.99944,1,0.995,0.85413,0.64986,0.29042,1.13991,0.00117632,0.00117632,0.00117632
418,1962.14,0.63311,0.33104,1.02957,0.99956,1,0.995,0.85502,0.6661,0.28979,1.15476,0.00117434,0.00117434,0.00117434
419,1966.82,0.64378,0.34189,1.01755,0.99955,1,0.995,0.85658,0.66087,0.29481,1.14042,0.00117236,0.00117236,0.00117236
420,1971.5,0.61182,0.33155,0.99959,0.99946,1,0.995,0.85102,0.66337,0.29767,1.14224,0.00117038,0.00117038,0.00117038
421,1976.27,0.63139,0.34453,1.02039,0.99946,1,0.995,0.85084,0.67231,0.30091,1.15209,0.0011684,0.0011684,0.0011684
422,1980.94,0.64796,0.34018,1.03276,0.99932,1,0.995,0.85055,0.67845,0.30032,1.17579,0.00116642,0.00116642,0.00116642
423,1985.6,0.62067,0.33322,1.02319,0.99923,1,0.995,0.85731,0.66021,0.29435,1.15038,0.00116444,0.00116444,0.00116444
424,1990.27,0.62641,0.33545,1.01026,0.99921,1,0.995,0.85221,0.66455,0.29547,1.14642,0.00116246,0.00116246,0.00116246
425,1994.95,0.62505,0.33988,1.02133,0.99949,1,0.995,0.8612,0.65951,0.29276,1.16038,0.00116048,0.00116048,0.00116048
426,1999.72,0.61325,0.33683,0.99712,0.99926,1,0.995,0.85902,0.65829,0.30161,1.16825,0.0011585,0.0011585,0.0011585
427,2004.39,0.62007,0.33801,1.00786,0.99934,1,0.995,0.85586,0.65703,0.29883,1.14113,0.00115652,0.00115652,0.00115652
428,2009.07,0.64167,0.33963,1.0119,0.99943,1,0.995,0.86253,0.65942,0.29804,1.15059,0.00115454,0.00115454,0.00115454
429,2013.74,0.62406,0.33895,0.99687,0.99955,1,0.995,0.85816,0.66665,0.30075,1.15329,0.00115256,0.00115256,0.00115256
430,2018.5,0.64722,0.34442,1.02081,0.99949,1,0.995,0.85949,0.66901,0.29842,1.15135,0.00115058,0.00115058,0.00115058
431,2023.17,0.64175,0.34003,1.01618,0.99945,1,0.995,0.8536,0.66003,0.2963,1.14511,0.0011486,0.0011486,0.0011486
432,2027.84,0.6252,0.33525,1.01251,0.99908,1,0.995,0.86003,0.65332,0.29459,1.15039,0.00114662,0.00114662,0.00114662
433,2032.52,0.61371,0.33455,1.00092,0.99936,1,0.995,0.86212,0.65142,0.29569,1.14395,0.00114464,0.00114464,0.00114464
434,2037.2,0.60659,0.32915,0.99855,0.99949,1,0.995,0.85887,0.65706,0.29662,1.14627,0.00114266,0.00114266,0.00114266
435,2041.95,0.63104,0.33102,1.01579,0.99939,1,0.995,0.86417,0.65928,0.2937,1.14597,0.00114068,0.00114068,0.00114068
436,2046.74,0.61951,0.33453,1.00041,0.99937,1,0.995,0.86654,0.66218,0.29798,1.14864,0.0011387,0.0011387,0.0011387
437,2051.39,0.61501,0.32772,0.98959,0.9992,1,0.995,0.86288,0.66117,0.28992,1.14572,0.00113672,0.00113672,0.00113672
438,2056.16,0.61781,0.33111,1.00965,0.99878,1,0.995,0.85396,0.65582,0.28786,1.13644,0.00113474,0.00113474,0.00113474
439,2060.84,0.6424,0.34572,1.01797,0.99882,1,0.995,0.8518,0.67628,0.30314,1.15809,0.00113276,0.00113276,0.00113276
440,2065.5,0.63777,0.34449,0.99617,0.9992,1,0.995,0.84722,0.672,0.30437,1.15069,0.00113078,0.00113078,0.00113078
441,2070.16,0.6249,0.33647,1.00623,0.99941,1,0.995,0.85293,0.66073,0.2898,1.14441,0.0011288,0.0011288,0.0011288
442,2074.94,0.61599,0.3299,0.99217,0.99936,1,0.995,0.86125,0.65249,0.28855,1.13686,0.00112682,0.00112682,0.00112682
443,2079.59,0.62654,0.3347,1.00597,0.99917,1,0.995,0.85295,0.66116,0.29253,1.12902,0.00112484,0.00112484,0.00112484
444,2084.28,0.60414,0.32871,1.00545,0.99921,1,0.995,0.853,0.65418,0.29325,1.13913,0.00112286,0.00112286,0.00112286
445,2088.94,0.6158,0.33454,1.0176,0.9995,1,0.995,0.85678,0.66791,0.29535,1.15548,0.00112088,0.00112088,0.00112088
446,2093.61,0.614,0.32946,1.01727,0.9995,1,0.995,0.85539,0.66426,0.29341,1.14545,0.0011189,0.0011189,0.0011189
447,2098.28,0.62378,0.3413,1.00978,0.99944,1,0.995,0.8571,0.67406,0.29629,1.15128,0.00111692,0.00111692,0.00111692
448,2102.93,0.63158,0.34026,1.00835,0.99937,1,0.995,0.85547,0.67403,0.29629,1.15022,0.00111494,0.00111494,0.00111494
449,2107.68,0.63045,0.33893,1.01342,0.99899,1,0.995,0.8558,0.67009,0.30247,1.15292,0.00111296,0.00111296,0.00111296
450,2112.35,0.59425,0.32677,0.999,0.99945,1,0.995,0.85642,0.67821,0.29484,1.15834,0.00111098,0.00111098,0.00111098
451,2117.01,0.61673,0.32731,1.00746,0.99936,1,0.995,0.85294,0.67854,0.29015,1.1554,0.001109,0.001109,0.001109
452,2121.76,0.64055,0.34174,1.00615,0.99929,1,0.995,0.85145,0.68636,0.29867,1.16878,0.00110702,0.00110702,0.00110702
453,2126.43,0.64805,0.34532,1.01611,0.99918,1,0.995,0.85515,0.67209,0.30361,1.15168,0.00110504,0.00110504,0.00110504
454,2131.1,0.61031,0.33222,0.99314,0.99916,1,0.995,0.85993,0.66894,0.29658,1.14319,0.00110306,0.00110306,0.00110306
455,2135.77,0.61377,0.3279,1.00721,0.99931,1,0.995,0.86081,0.66226,0.28961,1.14411,0.00110108,0.00110108,0.00110108
456,2140.43,0.61228,0.32763,1.00712,0.99927,1,0.995,0.86317,0.65466,0.29077,1.13865,0.0010991,0.0010991,0.0010991
457,2145.11,0.62673,0.33807,1.02106,0.99928,1,0.995,0.85733,0.66324,0.28947,1.15448,0.00109712,0.00109712,0.00109712
458,2149.79,0.62686,0.33304,1.01709,0.99951,1,0.995,0.85569,0.66977,0.2936,1.15777,0.00109514,0.00109514,0.00109514
459,2154.56,0.62186,0.32559,1.00672,0.99952,1,0.995,0.85484,0.6664,0.2924,1.15577,0.00109316,0.00109316,0.00109316
460,2159.3,0.63471,0.33245,1.01597,0.99948,1,0.995,0.86334,0.66148,0.28328,1.14395,0.00109118,0.00109118,0.00109118
461,2163.98,0.60842,0.32546,1.00822,0.99941,1,0.995,0.86084,0.66763,0.2832,1.142,0.0010892,0.0010892,0.0010892
462,2168.64,0.6161,0.32618,0.99829,0.99902,1,0.995,0.86341,0.66262,0.29093,1.13674,0.00108722,0.00108722,0.00108722
463,2173.31,0.60756,0.33026,1.00518,0.99949,1,0.995,0.8601,0.66831,0.29498,1.14242,0.00108524,0.00108524,0.00108524
464,2177.98,0.60602,0.32472,1.00179,0.99949,1,0.995,0.85784,0.66835,0.28845,1.14673,0.00108326,0.00108326,0.00108326
465,2182.64,0.611,0.33212,1.00333,0.99942,1,0.995,0.85853,0.6658,0.29757,1.15625,0.00108128,0.00108128,0.00108128
466,2187.31,0.61681,0.32959,0.99872,0.99947,1,0.995,0.86552,0.65012,0.28951,1.13884,0.0010793,0.0010793,0.0010793
467,2191.98,0.61496,0.33525,0.99032,0.99919,1,0.995,0.86458,0.65414,0.2937,1.14075,0.00107732,0.00107732,0.00107732
468,2196.64,0.61796,0.33203,1.0006,0.99947,1,0.995,0.86452,0.6502,0.28761,1.13814,0.00107534,0.00107534,0.00107534
469,2201.31,0.61194,0.32511,1.00412,0.9995,1,0.995,0.86646,0.6506,0.28368,1.13638,0.00107336,0.00107336,0.00107336
470,2205.98,0.60017,0.32853,0.99486,0.99956,1,0.995,0.86517,0.64699,0.28121,1.1383,0.00107138,0.00107138,0.00107138
471,2210.65,0.6276,0.33937,0.99686,0.9992,1,0.995,0.86334,0.64921,0.28783,1.13818,0.0010694,0.0010694,0.0010694
472,2215.34,0.59624,0.31922,0.98769,0.99946,1,0.995,0.85757,0.66727,0.29275,1.15067,0.00106742,0.00106742,0.00106742
473,2220.01,0.61678,0.3215,0.99372,0.99939,1,0.995,0.86499,0.65376,0.28823,1.14576,0.00106544,0.00106544,0.00106544
474,2224.68,0.61933,0.32697,0.99905,0.9994,1,0.995,0.86348,0.64697,0.28611,1.13859,0.00106346,0.00106346,0.00106346
475,2229.44,0.58761,0.31826,0.98713,0.99935,1,0.995,0.86896,0.64178,0.2843,1.13301,0.00106148,0.00106148,0.00106148
476,2234.11,0.58646,0.32381,0.98914,0.99929,1,0.995,0.86677,0.6553,0.28879,1.13879,0.0010595,0.0010595,0.0010595
477,2238.78,0.60275,0.32851,1.00807,0.99922,1,0.995,0.85283,0.65789,0.29641,1.14783,0.00105752,0.00105752,0.00105752
478,2243.46,0.60904,0.32887,0.9893,0.99941,1,0.995,0.86814,0.65919,0.29014,1.14744,0.00105554,0.00105554,0.00105554
479,2248.14,0.599,0.32841,1.00778,0.9993,1,0.995,0.85166,0.65934,0.29548,1.155,0.00105356,0.00105356,0.00105356
480,2252.82,0.60991,0.33348,0.99899,0.99934,1,0.995,0.85705,0.66128,0.29036,1.16368,0.00105158,0.00105158,0.00105158
481,2257.49,0.60845,0.33017,1.01317,0.99951,1,0.995,0.85093,0.66311,0.29125,1.17358,0.0010496,0.0010496,0.0010496
482,2262.25,0.6167,0.33501,1.0071,0.99945,1,0.995,0.85708,0.65394,0.29114,1.13901,0.00104762,0.00104762,0.00104762
